{"cameraMode":{"drawMode":0,"name":"Shaded","section":"Shading Mode"},"sceneLighting":true,"audioPlay":false,"sceneViewState":{"m_AlwaysRefresh":false,"showFog":true,"showSkybox":true,"showFlares":true,"showImageEffects":true,"showParticleSystems":true,"showVisualEffectGraphs":true,"m_FxEnabled":true},"in2DMode":false,"pivot":{"x":-19.451704025268556,"y":0.9263461828231812,"z":-30.946619033813478},"rotation":{"x":0.0029999816324561836,"y":-0.0029999848920851948,"z":0.000008999731107905973,"w":0.9999908804893494},"size":8.888256072998047,"orthographic":true}